n,accuracy,precision,recall,f1,fpr,tnr,TN,FP,FN,TP,threshold
182382,0.7596473336184492,0.7163801525630988,1.0,0.8347569755957811,0.6117305572224006,0.38826944277759945,27823,43836,0,110723,0.05
182382,0.7597844085490892,0.7164960461775403,1.0,0.8348356499545724,0.6113816826916367,0.3886183173083632,27848,43811,0,110723,0.06
182382,0.7598666535074733,0.7165656003468829,1.0,0.8348828616885711,0.6111723579731785,0.38882764202682146,27863,43796,0,110723,0.07
182382,0.7598885854963757,0.7165841504061095,1.0,0.8348954523861588,0.6111165380482563,0.38888346195174367,27867,43792,0,110723,0.08
182382,0.759926966476955,0.7166166153208895,1.0,0.834917487020748,0.6110188531796424,0.3889811468203575,27874,43785,0,110723,0.09
182382,0.7599379324714062,0.7166258915511372,1.0,0.8349237828442592,0.6109909432171814,0.3890090567828186,27876,43783,0,110723,0.1
182382,0.759954381463083,0.7166398063468024,1.0,0.8349332267575577,0.6109490782734898,0.3890509217265103,27879,43780,0,110723,0.11
182382,0.7599763134519854,0.7166583602482864,1.0,0.8349458189742932,0.6108932583485676,0.3891067416514325,27883,43776,0,110723,0.12
182382,0.759981796449211,0.7166629988737718,1.0,0.8349489670878248,0.610879303367337,0.389120696632663,27884,43775,0,110723,0.13
182382,0.7599982454408878,0.7166769151105213,1.0,0.8349584115708587,0.6108374384236454,0.3891625615763547,27887,43772,0,110723,0.14
182382,0.7600092114353391,0.7166861929019438,1.0,0.834964708011583,0.6108095284611842,0.3891904715388158,27889,43770,0,110723,0.15
182382,0.7600092114353391,0.7166861929019438,1.0,0.834964708011583,0.6108095284611842,0.3891904715388158,27889,43770,0,110723,0.16
182382,0.7600146944325646,0.7166908318877353,1.0,0.8349678562675564,0.6107955734799537,0.38920442652004633,27890,43769,0,110723,0.17
182382,0.7600146944325646,0.7166964424421314,0.9999819369056113,0.8349653671981931,0.6107676635174926,0.38923233648250743,27892,43767,2,110721,0.18
182382,0.7600256604270158,0.7167057209067488,0.9999819369056113,0.8349716638575614,0.6107397535550315,0.38926024644496854,27894,43765,2,110721,0.19
182382,0.7600256604270158,0.7167057209067488,0.9999819369056113,0.8349716638575614,0.6107397535550315,0.38926024644496854,27894,43765,2,110721,0.2
182382,0.7600256604270158,0.7167057209067488,0.9999819369056113,0.8349716638575614,0.6107397535550315,0.38926024644496854,27894,43765,2,110721,0.21
182382,0.7600366264214671,0.7167149996116102,0.9999819369056113,0.8349779606118993,0.6107118435925704,0.38928815640742964,27896,43763,2,110721,0.22
182382,0.7600366264214671,0.7167149996116102,0.9999819369056113,0.8349779606118993,0.6107118435925704,0.38928815640742964,27896,43763,2,110721,0.23
182382,0.7600366264214671,0.7167149996116102,0.9999819369056113,0.8349779606118993,0.6107118435925704,0.38928815640742964,27896,43763,2,110721,0.24
182382,0.7600366264214671,0.7167149996116102,0.9999819369056113,0.8349779606118993,0.6107118435925704,0.38928815640742964,27896,43763,2,110721,0.25
182382,0.7600366264214671,0.7167149996116102,0.9999819369056113,0.8349779606118993,0.6107118435925704,0.38928815640742964,27896,43763,2,110721,0.26
182382,0.7600366264214671,0.7167149996116102,0.9999819369056113,0.8349779606118993,0.6107118435925704,0.38928815640742964,27896,43763,2,110721,0.27
182382,0.7600366264214671,0.7167149996116102,0.9999819369056113,0.8349779606118993,0.6107118435925704,0.38928815640742964,27896,43763,2,110721,0.28
182382,0.7600421094186927,0.7167196390541354,0.9999819369056113,0.8349811090246828,0.6106978886113398,0.38930211138866017,27897,43762,2,110721,0.29
182382,0.7600475924159182,0.716724278556725,0.9999819369056113,0.8349842574612094,0.6106839336301093,0.38931606636989075,27898,43761,2,110721,0.3
182382,0.7600475924159182,0.716724278556725,0.9999819369056113,0.8349842574612094,0.6106839336301093,0.38931606636989075,27898,43761,2,110721,0.31
182382,0.7599708304547598,0.7166986042416552,0.9998554952448904,0.8349227537887786,0.6106839336301093,0.38931606636989075,27898,43761,16,110707,0.32
182382,0.759926966476955,0.7166895426529238,0.9997651797729469,0.8348851153371873,0.6106560236676482,0.38934397633235185,27900,43759,26,110697,0.33
182382,0.759844721518571,0.7166676379365049,0.9996116434706429,0.8348167144365666,0.6106281137051871,0.38937188629481295,27902,43757,43,110680,0.34
182382,0.7596966805934796,0.7166658029745556,0.9992142553940916,0.8346768565705643,0.6103908790242677,0.3896091209757323,27919,43740,87,110636,0.35
182382,0.7595925036461931,0.7166646148263819,0.9989342774310667,0.834578353253652,0.6102234192495011,0.38977658075049887,27931,43728,118,110605,0.36
182382,0.7592306258293033,0.7169371440446272,0.9970737787090307,0.834112802689736,0.6082697218772241,0.39173027812277594,28071,43588,324,110399,0.37
182382,0.7583423802787556,0.7178912129513996,0.9916187242036433,0.8328402815704837,0.6021016201733209,0.39789837982667914,28513,43146,928,109795,0.38
182382,0.757355440778147,0.729886766872566,0.9529998284006033,0.8266534008116196,0.5449420170529871,0.45505798294701294,32609,39050,5204,105519,0.39
182382,0.7647245890493579,0.8113744685149642,0.7979642892623935,0.8046135072125892,0.28663531447550206,0.7133646855244979,51119,20540,22370,88353,0.4
182382,0.7650042219078638,0.8127027425538189,0.7964740839753258,0.8045065796975847,0.28362103852970316,0.7163789614702968,51335,20324,22535,88188,0.41
182382,0.7650042219078638,0.8127085061284675,0.7964650524281315,0.8045047962669855,0.28360708354847264,0.7163929164515274,51336,20323,22536,88187,0.42
182382,0.7650042219078638,0.8127085061284675,0.7964650524281315,0.8045047962669855,0.28360708354847264,0.7163929164515274,51336,20323,22536,88187,0.43
182382,0.7650042219078638,0.8127085061284675,0.7964650524281315,0.8045047962669855,0.28360708354847264,0.7163929164515274,51336,20323,22536,88187,0.44
182382,0.7650042219078638,0.8127085061284675,0.7964650524281315,0.8045047962669855,0.28360708354847264,0.7163929164515274,51336,20323,22536,88187,0.45
182382,0.7650042219078638,0.8127085061284675,0.7964650524281315,0.8045047962669855,0.28360708354847264,0.7163929164515274,51336,20323,22536,88187,0.46
182382,0.7168251252864866,0.9990876066570922,0.5340444171491018,0.696035501565553,0.0007535689864497132,0.9992464310135503,71605,54,51592,59131,0.47
182382,0.716819642289261,0.9990875912408759,0.5340353856019074,0.696027826987705,0.0007535689864497132,0.9992464310135503,71605,54,51593,59130,0.48
182382,0.7168141592920354,0.9990875758241387,0.5340263540547131,0.6960201523195177,0.0007535689864497132,0.9992464310135503,71605,54,51594,59129,0.49
182382,0.7168141592920354,0.9990875758241387,0.5340263540547131,0.6960201523195177,0.0007535689864497132,0.9992464310135503,71605,54,51594,59129,0.5
182382,0.7168141592920354,0.9990875758241387,0.5340263540547131,0.6960201523195177,0.0007535689864497132,0.9992464310135503,71605,54,51594,59129,0.51
182382,0.716819642289261,0.9991044574363827,0.5340263540547131,0.6960242488449428,0.000739614005219163,0.9992603859947808,71606,53,51594,59129,0.52
182382,0.7155256549440187,0.9999830053363244,0.5314252684627403,0.6940229410550527,1.3954981230550245e-05,0.9999860450187694,71658,1,51882,58841,0.53
182382,0.7155256549440187,0.9999830053363244,0.5314252684627403,0.6940229410550527,1.3954981230550245e-05,0.9999860450187694,71658,1,51882,58841,0.54
182382,0.7155311379412442,1.0,0.5314252684627403,0.6940270340402444,0.0,1.0,71659,0,51882,58841,0.55
182382,0.7155311379412442,1.0,0.5314252684627403,0.6940270340402444,0.0,1.0,71659,0,51882,58841,0.56
182382,0.7155311379412442,1.0,0.5314252684627403,0.6940270340402444,0.0,1.0,71659,0,51882,58841,0.57
182382,0.7155311379412442,1.0,0.5314252684627403,0.6940270340402444,0.0,1.0,71659,0,51882,58841,0.58
182382,0.7155311379412442,1.0,0.5314252684627403,0.6940270340402444,0.0,1.0,71659,0,51882,58841,0.59
182382,0.7155311379412442,1.0,0.5314252684627403,0.6940270340402444,0.0,1.0,71659,0,51882,58841,0.6
182382,0.7155311379412442,1.0,0.5314252684627403,0.6940270340402444,0.0,1.0,71659,0,51882,58841,0.61
182382,0.715520171946793,1.0,0.5314072053683516,0.6940116299642608,0.0,1.0,71659,0,51884,58839,0.62
182382,0.715520171946793,1.0,0.5314072053683516,0.6940116299642608,0.0,1.0,71659,0,51884,58839,0.63
182382,0.715520171946793,1.0,0.5314072053683516,0.6940116299642608,0.0,1.0,71659,0,51884,58839,0.64
182382,0.715520171946793,1.0,0.5314072053683516,0.6940116299642608,0.0,1.0,71659,0,51884,58839,0.65
182382,0.7155146889495674,1.0,0.5313981738211573,0.6940039277899989,0.0,1.0,71659,0,51885,58838,0.66
182382,0.7155037229551162,1.0,0.5313801107267686,0.6939885231689265,0.0,1.0,71659,0,51887,58836,0.67
182382,0.7154927569606649,1.0,0.5313620476323799,0.6939731181844454,0.0,1.0,71659,0,51889,58834,0.68
182382,0.7154817909662138,1.0,0.5313439845379913,0.6939577128365427,0.0,1.0,71659,0,51891,58832,0.69
182382,0.7154817909662138,1.0,0.5313439845379913,0.6939577128365427,0.0,1.0,71659,0,51891,58832,0.7
182382,0.7154763079689882,1.0,0.5313349529907968,0.6939500100263043,0.0,1.0,71659,0,51892,58831,0.71
182382,0.7154708249717625,1.0,0.5313259214436025,0.6939423071252057,0.0,1.0,71659,0,51893,58830,0.72
182382,0.7154488929828602,1.0,0.5312897952548251,0.6939114946121769,0.0,1.0,71659,0,51897,58826,0.73
182382,0.7154105120022809,1.0,0.5312265744244646,0.6938575692158875,0.0,1.0,71659,0,51904,58819,0.74
182382,0.7153940630106042,1.0,0.5311994797828816,0.6938344569686031,0.0,1.0,71659,0,51907,58816,0.75
182382,0.7153776140189273,1.0,0.5311723851412986,0.6938113439033599,0.0,1.0,71659,0,51910,58813,0.76
182382,0.7153337500411224,1.0,0.5311001327637438,0.6937497050634703,0.0,1.0,71659,0,51918,58805,0.77
182382,0.7152844030660921,1.0,0.5310188488389946,0.6936803544145494,0.0,1.0,71659,0,51927,58796,0.78
182382,0.7151966751104823,1.0,0.530874344083885,0.6935570461879731,0.0,1.0,71659,0,51943,58780,0.79
182382,0.7151637771271288,1.0,0.5308201548007189,0.6935107996011729,0.0,1.0,71659,0,51949,58774,0.8
182382,0.715147328135452,1.0,0.5307930601591359,0.6934876750799438,0.0,1.0,71659,0,51952,58771,0.81
182382,0.7145990284128916,1.0,0.5298899054397008,0.6927163890102365,0.0,1.0,71659,0,52052,58671,0.82
182382,0.7145990284128916,1.0,0.5298899054397008,0.6927163890102365,0.0,1.0,71659,0,52052,58671,0.83
182382,0.7024103255803753,1.0,0.5098127760266611,0.6753324440243822,0.0,1.0,71659,0,54275,56448,0.84
182382,0.7023883935914729,1.0,0.5097766498378837,0.6753007471570346,0.0,1.0,71659,0,54279,56444,0.85
182382,0.7022732506497352,1.0,0.5095869873468024,0.6751343137137592,0.0,1.0,71659,0,54300,56423,0.86
182382,0.702262284655284,1.0,0.5095689242524137,0.6751184607284737,0.0,1.0,71659,0,54302,56421,0.87
182382,0.7022458356636072,1.0,0.5095418296108306,0.6750946805391854,0.0,1.0,71659,0,54305,56418,0.88
182382,0.7022019716858023,1.0,0.5094695772332758,0.6750312625274482,0.0,1.0,71659,0,54313,56410,0.89
182382,0.702163590705223,1.0,0.5094063564029154,0.6749757667867358,0.0,1.0,71659,0,54320,56403,0.9
182382,0.7021416587163207,1.0,0.509370230214138,0.6749440528476203,0.0,1.0,71659,0,54324,56399,0.91
182382,0.702108760732967,1.0,0.5093160409309719,0.6748964790923669,0.0,1.0,71659,0,54330,56393,0.92
182382,0.7019881347940038,1.0,0.5091173468926962,0.6747220127592852,0.0,1.0,71659,0,54352,56371,0.93
182382,0.7019278218245222,1.0,0.5090179998735583,0.6746347623636157,0.0,1.0,71659,0,54363,56360,0.94
182382,0.701127304229584,1.0,0.5076993939831833,0.6734756225402397,0.0,1.0,71659,0,54509,56214,0.95
